<?xml version='1.0' encoding='UTF-8'?>
<?artifactRepository version='1.1.0'?>
<repository name='file:/G:/workspace/Anypointworkspace/restroom-finder-connector/target/update-site/ - artifacts' type='org.eclipse.equinox.p2.artifact.repository.simpleRepository' version='1'>
  <properties size='2'>
    <property name='p2.timestamp' value='1503730157697'/>
    <property name='p2.compressed' value='false'/>
  </properties>
  <mappings size='3'>
    <rule filter='(&amp; (classifier=osgi.bundle))' output='${repoUrl}/plugins/${id}_${version}.jar'/>
    <rule filter='(&amp; (classifier=binary))' output='${repoUrl}/binary/${id}_${version}'/>
    <rule filter='(&amp; (classifier=org.eclipse.update.feature))' output='${repoUrl}/features/${id}_${version}.jar'/>
  </mappings>
  <artifacts size='2'>
    <artifact classifier='org.eclipse.update.feature' id='org.mule.tooling.ui.extension.restroom-finder-connector.3.5.0' version='1.0.0.201708260249'>
      <properties size='4'>
        <property name='artifact.size' value='653'/>
        <property name='download.size' value='653'/>
        <property name='download.md5' value='1929c4dccbbd645ec5a1ac45d5f16b36'/>
        <property name='download.contentType' value='application/zip'/>
      </properties>
    </artifact>
    <artifact classifier='osgi.bundle' id='org.mule.tooling.ui.contribution.restroom-finder.3.5.0' version='1.0.0.201708260249'>
      <properties size='3'>
        <property name='artifact.size' value='334565'/>
        <property name='download.size' value='334565'/>
        <property name='download.md5' value='e6abb41cdeed682f036ffe158cb29944'/>
      </properties>
    </artifact>
  </artifacts>
</repository>
